DF0001	ST001_BERGMAN_2014	Bergman	2014	1	1	1	Solid wood products	Lumber	Hardwood lumber	Not specified	Construction	USA	USA NE/NC region	Not specified	1.63	1.63	1.63					tCO2e/tCO2e	TRUE	1	Medium	Low	Carbon emission savings per unti calcultaed, (including value chain emisisons + storage which must be deducted). Calculated as columns D/C in Table 3
DF0002	ST001_BERGMAN_2014	Bergman	2014	1	1	1	Solid wood products	Lumber	Hardwood lumber	Not specified	Construction	USA	USA SE region	Not specified	1.63	1.63	1.63					tCO2e/tCO2e	TRUE	1	Medium	Low	
DF0003	ST001_BERGMAN_2014	Bergman	2014	1	1	1	Solid wood products	Lumber	Softwood lumber	Not specified	Construction	USA	USA NE/NC region	Not specified	1.14	1.14	1.14					tCO2e/tCO2e	TRUE	1	Medium	Low	
DF0004	ST001_BERGMAN_2014	Bergman	2014	1	1	1	Solid wood products	Lumber	Softwood lumber	Not specified	Construction	USA	USA SE region	Not specified	0.90	0.90	0.90					tCO2e/tCO2e	TRUE	1	Medium	Low	
DF0005	ST001_BERGMAN_2014	Bergman	2014	1	1	1	Solid wood products	Flooring	Hardwood flooring, solid strip flooring	Not specified	Flooring	USA	USA	Not specified	0.17	0.17	0.17					tCO2e/tCO2e	TRUE	1	Medium	Low	
DF0006	ST001_BERGMAN_2014	Bergman	2014	1	1	1	Solid wood products	Flooring	Hardwood flooring, engineered wood	Not specified	Flooring	USA	USA	Not specified	0.33	0.33	0.33					tCO2e/tCO2e	TRUE	1	Medium	Low	
DF0007	ST001_BERGMAN_2014	Bergman	2014	1	1	1	Solid wood products	Doors/windows	Doors	Not specified	Building components	USA	USA	Not specified	2.44	2.44	2.44					tCO2e/tCO2e	TRUE	1	Medium	Low	
DF0008	ST001_BERGMAN_2014	Bergman	2014	1	1	1	Solid wood products	Decking	Decking	Not specified	Outdoor construction	USA	USA	Not specified	0.96	0.96	0.96					tCO2e/tCO2e	TRUE	1	Medium	Low	
DF0009	ST001_BERGMAN_2014	Bergman	2014	1	1	1	Solid wood products	Cladding/siding	Siding	Not specified	Building envelope	USA	USA	Not specified	0.68	0.68	0.68					tCO2e/tCO2e	TRUE	1	Medium	Low	
DF0010	ST001_BERGMAN_2014	Bergman	2014	1	1	1	Solid wood products	Infrastructure	Utility poles	Not specified	Infrastructure	USA	USA	Not specified	1.22	1.22	1.22					tCO2e/tCO2e	TRUE	1	Medium	Low	
DF0011	ST001_BERGMAN_2014	Bergman	2014	1	1	1	Solid wood products	Engineered wood	I-joist	Not specified	Structural construction	USA	USA Pacific NW region	Not specified	1.10	1.10	1.10					tCO2e/tCO2e	TRUE	1	Medium	Low	
DF0012	ST001_BERGMAN_2014	Bergman	2014	1	1	1	Solid wood products	Engineered wood	I-joist	Not specified	Structural construction	USA	USA SE region	Not specified	0.88	0.88	0.88					tCO2e/tCO2e	TRUE	1	Medium	Low	
DF0013	ST001_BERGMAN_2014	Bergman	2014	1	1	1	Solid wood products	Infrastructure	Railroad ties	Not specified	Infrastructure	USA	USA	Not specified	1.99	1.99	1.99					tCO2e/tCO2e	TRUE	1	Medium	Low	
DF0014	ST002_BOSCH_2019	B÷sch	2019	1	2	1	Solid wood products	Other	Wood-based products	Not specified	Other	Germany	Germany	Not specified	1.50	1.50	1.50					tCO2e/tCO2e	TRUE	1	Medium	Medium	Based on Knauf
DF0015	ST002_BOSCH_2019	B÷sch	2019	1	2	3	Energy	Bioenergy	Bioenergy	oil	Energy substitution	Germany	Germany	Not specified	0.94	0.67	0.94					tCO2e/tCO2e	TRUE	1	Medium	Medium	Based on Knauf, includes biogenic value chain, but not fossil upstream
DF0016	ST003_BOWYER_ACT_LIPPKE_ETAL_2004	Bowyer (act. Lippke etal)	2004	1	1	8	Housing	Residential/commercial buildings	House wood	steel frame	Residential construction	USA	USA, Minneapolis	Not specified	0.83	0.83	0.83					tCO2e/tCO2e	TRUE	1	Medium	Low	Calculated as delta wood material (6,398 tCO2e) over CO2 savings (9,779 tCO2e)
DF0017	ST003_BOWYER_ACT_LIPPKE_ETAL_2004	Bowyer (act. Lippke etal)	2004	1	1	8	Housing	Residential/commercial buildings	House, wood	concrete frame	Residential construction	USA	USA Atlanta	Not specified	2.23	2.23	2.23					tCO2e/tCO2e	TRUE	1	Medium	Low	Calculated as delta wood material (2,927 tCO2e) over CO2 savings (6,637 tCO2e)
DF0018	ST004_BUCHANAN_1999	Buchanan	1999	1	1	8	Housing	Residential/commercial buildings	Building - Hostel, concrete/wood frame	Not specified	Residential construction	New Zealand	New Zealand	Not specified	1.05	1.05	1.05					tCO2e/tCO2e	TRUE	1	Medium	Low	Paper provides readily calcultaed DFs for the fraction of additional wood in wood-framed buildings compared with frames of other material.
DF0019	ST004_BUCHANAN_1999	Buchanan	1999	1	1	8	Housing	Residential/commercial buildings	Building - Office, concrete to wood	Not specified	Commercial/industrial construction	New Zealand	New Zealand	Not specified	1.10	1.10	1.10					tCO2e/tCO2e	TRUE	1	Medium	Low	
DF0020	ST004_BUCHANAN_1999	Buchanan	1999	1	1	8	Housing	Residential/commercial buildings	Building - Indystry - steel to wood	Not specified	Construction	New Zealand	New Zealand	Not specified	1.60	1.60	1.60					tCO2e/tCO2e	TRUE	1	Medium	Low	
DF0021	ST005_CINTAS_2015	Cintas	2015	1	1	3	Energy	Bioenergy	Modern Bio-CHP	old coal power	Energy substitution	Sweden	Sweden	Not specified	1.27	1.27	1.27					tCO2e/tCO2e	TRUE	1	Medium	High	
DF0022	ST005_CINTAS_2015	Cintas	2015	1	1	3	Energy	Bioenergy	Bio-CHP	Natural gas-CHP	Energy substitution	Sweden	Sweden	Not specified	0.55	0.55	0.55					tCO2e/tCO2e	TRUE	1	Medium	High	
DF0023	ST006_DAHLGREN_2015	Dahlgren	2015	3	1	2	Paper/Fibre products	Packaging	Cement sack paper	plastic	Packaging	Sweden	Sweden	Not specified	1.20	1.20	1.20					tCO2e/tCO2e	TRUE	1	Medium	High	Also used in BillerudKorsnõs Climate impact report 2020, note that end use DF from that report not included here as it assumed relativity to primary substituted product
DF0024	ST006_DAHLGREN_2015	Dahlgren	2015	3	1	2	Paper/Fibre products	Packaging	Pasta bag paper	plastic	Packaging	Sweden	Sweden	Not specified	1.70	1.70	1.70					tCO2e/tCO2e	TRUE	1	Medium	High	Also used in BillerudKorsnõs Climate impact report 2020, note that end use DF from that report not included here as it assumed relativity to primary substituted product
DF0025	ST006_DAHLGREN_2015	Dahlgren	2015	3	1	2	Paper/Fibre products	Packaging	Grocery bag paper	plastic	Packaging	Sweden	Sweden	Not specified	0.50	0.50	0.50					tCO2e/tCO2e	TRUE	1	Medium	High	Also used in BillerudKorsnõs Climate impact report 2020, note that end use DF from that report not included here as it assumed relativity to primary substituted product
DF0026	ST006_DAHLGREN_2015	Dahlgren	2015	3	1	2	Paper/Fibre products	Packaging	Bottle Paper/fibreform	PET	Packaging	Sweden	Sweden	Not specified	2.40	2.40	2.40					tCO2e/tCO2e	TRUE	1	Medium	High	Also used in BillerudKorsnõs Climate impact report 2020, note that end use DF from that report not included here as it assumed relativity to primary substituted product
DF0027	ST007_DODOO_2014	Dodoo	2014	1	1	8	Housing	Residential/commercial buildings	CLT house	conventional	Residential construction	Sweden	Sweden	Not specified	0.64	0.64	0.64					tCO2e/tCO2e	TRUE	1	Medium	High	Calculated based on paper, delta lumber+plywood=29t, delta CO2e = 37 kg/m2 for 928 m2
DF0028	ST008_FRANKLIN_ASSOCIATES_2014	Franklin Associates	2014	2	1	2	Paper/Fibre products	Packaging	Tetra recart	plastic pouch	Packaging	Not specified		Not specified	1.90	1.90	1.90					tCO2e/tCO2e	TRUE	1	Medium	Low	Included in Billerudkorsnõs report 2020
DF0029	ST008_FRANKLIN_ASSOCIATES_2014	Franklin Associates	2014	2	1	2	Paper/Fibre products	Packaging	Tetra recart	can	Packaging	Not specified		Not specified	7.80	7.80	7.80					tCO2e/tCO2e	TRUE	1	Medium	Low	Included in Billerudkorsnõs report 2020
DF0030	ST008_FRANKLIN_ASSOCIATES_2014	Franklin Associates	2014	2	1	2	Paper/Fibre products	Packaging	Tetra recart	can (318 ml)	Packaging	Not specified		Not specified	6.70	6.70	6.70					tCO2e/tCO2e	TRUE	1	Medium	Low	Included in Billerudkorsnõs report 2020
DF0031	ST009_FRUHWALD_2014	Fr³hwald	2014	3	0	1	Solid wood products	Lumber	Softwood lumber, dry	Not specified	Construction	Germany	Germany	Not specified	1.40	1.40	1.40					tCO2e/tCO2e	TRUE	1	Medium	Medium	Results appear connected to Knauf etal 2015
DF0032	ST009_FRUHWALD_2014	Fr³hwald	2014	3	0	1	Solid wood products	Engineered wood	Glue lam, CLT	Not specified	Structural construction	Germany	Germany	Not specified	1.30	1.30	1.30					tCO2e/tCO2e	TRUE	1	Medium	Medium	Results appear connected to Knauf etal 2015
DF0033	ST009_FRUHWALD_2014	Fr³hwald	2014	3	0	1	Solid wood products	Other	Wood-based panels	Not specified	Other	Germany	Germany	Not specified	1.10	1.10	1.10					tCO2e/tCO2e	TRUE	1	Medium	Medium	Results appear connected to Knauf etal 2015
DF0034	ST009_FRUHWALD_2014	Fr³hwald	2014	3	0	1	Solid wood products	Flooring	Flooring	Not specified	Flooring	Germany	Germany	Not specified	1.35	1.35	1.35					tCO2e/tCO2e	TRUE	1	Medium	Medium	Results appear connected to Knauf etal 2015
DF0035	ST009_FRUHWALD_2014	Fr³hwald	2014	3	0	1	Solid wood products	Doors/windows	Doors, windows	Not specified	Building components	Germany	Germany	Not specified	1.62	1.62	1.62					tCO2e/tCO2e	TRUE	1	Medium	Medium	Results appear connected to Knauf etal 2015
DF0036	ST009_FRUHWALD_2014	Fr³hwald	2014	3	0	1	Solid wood products	Furniture	Furniture	Not specified	Furniture	Germany	Germany	Not specified	1.54	1.54	1.54					tCO2e/tCO2e	TRUE	1	Medium	Medium	Average of 1.46-1.62, Results appear connected to Knauf etal 2015
DF0037	ST009_FRUHWALD_2014	Fr³hwald	2014	3	0	2	Paper/Fibre products	Packaging	Packaging	Not specified	Packaging	Germany	Germany	Not specified	1.35	1.35	1.35					tCO2e/tCO2e	TRUE	1	Medium	Medium	Results appear connected to Knauf etal 2015
DF0038	ST009_FRUHWALD_2014	Fr³hwald	2014	3	0	3	Energy	Bioenergy	Bioenergy	oil	Energy substitution	Germany	Germany	Not specified	0.94	0.67	0.94					tCO2e/tCO2e	TRUE	1	Medium	Medium	Results appear connected to Knauf etal 2015. They include value chain emissions for bioenergy, which need to deducted, and also the upstream emissions of fossil energy must be added.
DF0039	ST010_GAN_2006	Gan	2006	1	1	3	Energy	Bioenergy	Logging residues	coal powered electricity	Energy substitution	USA	USA	Not specified	0.70	0.70	0.70					tCO2e/tCO2e	TRUE	1	Low	Low	Based on abstract. 13,9+36,2 Mt dry biomass (residues)  = 25,05 MtC displaces 17,6 MtC in coal powered electricity generation
DF0040	ST011_GENG_2019A	Geng	2019a	1	1	8	Housing	Residential/commercial buildings	Urban bungalow wood frame	Reinforced Concrete	Residential construction	China	China	Not specified	2.58	2.58	2.58					tCO2e/tCO2e	TRUE	1	Medium	Low	Good paper! Notes that Knauf et al looks at overall wood use (lower DF) whereas these specific uses have higher DFs
DF0041	ST011_GENG_2019A	Geng	2019a	1	1	8	Housing	Residential/commercial buildings	Urban bungalow wood frame	Brick-Concrete	Residential construction	China	China	Not specified	1.52	1.52	1.52					tCO2e/tCO2e	TRUE	1	Medium	Low	
DF0042	ST011_GENG_2019A	Geng	2019a	1	1	8	Housing	Residential/commercial buildings	Urban 2-3 stories wood frame	Reinforced concrete	Construction	China	China	Not specified	3.57	3.57	3.57					tCO2e/tCO2e	TRUE	1	Medium	Low	
DF0043	ST011_GENG_2019A	Geng	2019a	1	1	8	Housing	Residential/commercial buildings	Urban 2-3 stories wood frame	Brick-Concrete	Construction	China	China	Not specified	2.17	2.17	2.17					tCO2e/tCO2e	TRUE	1	Medium	Low	
DF0044	ST011_GENG_2019A	Geng	2019a	1	1	8	Housing	Residential/commercial buildings	Urban 4-6 stories wood frame va Reinforced concrete	Not specified	Construction	China	China	Not specified	3.04	3.04	3.04					tCO2e/tCO2e	TRUE	1	Medium	Low	
DF0045	ST011_GENG_2019A	Geng	2019a	1	1	8	Housing	Residential/commercial buildings	Urban 4-6 stories wood frame	Brick-Concrete	Construction	China	China	Not specified	1.91	1.91	1.91					tCO2e/tCO2e	TRUE	1	Medium	Low	
DF0046	ST011_GENG_2019A	Geng	2019a	1	1	8	Housing	Residential/commercial buildings	Rural bungalow wood frame	Brick-concrete	Residential construction	China	China	Not specified	1.52	1.52	1.52					tCO2e/tCO2e	TRUE	1	Medium	Low	
DF0047	ST011_GENG_2019A	Geng	2019a	1	1	8	Housing	Residential/commercial buildings	Rural 2-3 stories wood frame	Brick-Concrete	Construction	China	China	Not specified	2.17	2.17	2.17					tCO2e/tCO2e	TRUE	1	Medium	Low	
DF0048	ST011_GENG_2019A	Geng	2019a	1	1	8	Housing	Residential/commercial buildings	non-residential uses wood	Reinforced concrete	Commercial/industrial construction	China	China	Not specified	6.81	6.81	6.81					tCO2e/tCO2e	TRUE	1	Medium	Low	
DF0049	ST011_GENG_2019A	Geng	2019a	1	1	8	Housing	Residential/commercial buildings	non-residential wood	Brick-concrete	Commercial/industrial construction	China	China	Not specified	3.00	3.00	3.00					tCO2e/tCO2e	TRUE	1	Medium	Low	
DF0050	ST011_GENG_2019A	Geng	2019a	1	1	8	Housing	Residential/commercial buildings	Average construction sector	Not specified	Construction	China	China	Not specified	3.48	3.48	3.48					tCO2e/tCO2e	TRUE	1	Medium	Low	
DF0051	ST011_GENG_2019A	Geng	2019a	1	1	1	Solid wood products	Aggregate wood product mix	Furniture, average	Not specified	Mixed / aggregate use	China	China	Not specified	1.36	1.36	1.36					tCO2e/tCO2e	TRUE	1	Medium	Low	
DF0052	ST012_GENG_2019B	Geng	2019b	1	1	1	Solid wood products	Furniture	Furniture	Not specified	Furniture	China	China	Not specified	1.46	1.46	1.46					tCO2e/tCO2e	TRUE	1	Medium	Low	
DF0053	ST013_GUSTAVSSON_HAUS_ET_AL_2015	Gustavsson, Haus et al	2015	1	1	3	Energy	Bioenergy	Electricity biomass	CST	Energy substitution	Not specified		Not specified	0.94	0.98	0.94					tCO2e/tCO2e	TRUE	1	Medium	Low	Reported as MJ/MJ in paper, Table 10
DF0054	ST013_GUSTAVSSON_HAUS_ET_AL_2015	Gustavsson, Haus et al	2015	1	1	3	Energy	Bioenergy	Electricity biomass	FGCC	Energy substitution	Not specified		Not specified	0.48	0.78	0.48					tCO2e/tCO2e	TRUE	1	Medium	Low	Reported as MJ/MJ in paper, Table 10
DF0055	ST013_GUSTAVSSON_HAUS_ET_AL_2015	Gustavsson, Haus et al	2015	1	1	3	Energy	Bioenergy	Electricity biomass	FOCC	Energy substitution	Not specified		Not specified	0.66	0.82	0.66					tCO2e/tCO2e	TRUE	1	Medium	Low	Reported as MJ/MJ in paper, Table 10
DF0056	ST013_GUSTAVSSON_HAUS_ET_AL_2015	Gustavsson, Haus et al	2015	1	1	3	Energy	Bioenergy	Heat biomass	coal boiler	Energy substitution	Not specified		Not specified	1.17	1.21	1.17					tCO2e/tCO2e	TRUE	1	Medium	Low	Reported as MJ/MJ in paper, Table 10
DF0057	ST013_GUSTAVSSON_HAUS_ET_AL_2015	Gustavsson, Haus et al	2015	1	1	3	Energy	Bioenergy	Heat biomass	fossil gas boiler	Energy substitution	Not specified		Not specified	0.64	1.03	0.64					tCO2e/tCO2e	TRUE	1	Medium	Low	Reported as MJ/MJ in paper, Table 10
DF0058	ST013_GUSTAVSSON_HAUS_ET_AL_2015	Gustavsson, Haus et al	2015	1	1	3	Energy	Bioenergy	Heat biomass	fuel oil boiler	Energy substitution	Not specified		Not specified	0.97	1.20	0.97					tCO2e/tCO2e	TRUE	1	Medium	Low	Reported as MJ/MJ in paper, Table 10
DF0059	ST013_GUSTAVSSON_HAUS_ET_AL_2015	Gustavsson, Haus et al	2015	1	1	3	Energy	Bioenergy	CHP biomass	CST	Energy substitution	Not specified		Not specified	0.98	1.02	0.98					tCO2e/tCO2e	TRUE	1	Medium	Low	Reported as MJ/MJ in paper, Table 10
DF0060	ST013_GUSTAVSSON_HAUS_ET_AL_2015	Gustavsson, Haus et al	2015	1	1	3	Energy	Bioenergy	CHP biomass	FGCC	Energy substitution	Not specified		Not specified	0.37	0.60	0.37					tCO2e/tCO2e	TRUE	1	Medium	Low	Reported as MJ/MJ in paper, Table 10
DF0061	ST013_GUSTAVSSON_HAUS_ET_AL_2015	Gustavsson, Haus et al	2015	1	1	3	Energy	Bioenergy	CHP biomass	FOCC	Energy substitution	Not specified		Not specified	0.58	0.72	0.58					tCO2e/tCO2e	TRUE	1	Medium	Low	"Reported as MJ/MJ in paper, Table 10. Not included as it represents ""emerging technologies"""
DF0062	ST014_GUSTAVSSON_PINGOUD_SATHRE_2006	Gustavsson, Pingoud, Sathreģ	2006	1	1	8	Housing	Residential/commercial buildings	Wõlludden house wood frame	concrete (natural gas optionj)	Residential construction	Sweden	Sweden	Not specified	0.89	0.89	0.89					tCO2e/tCO2e	TRUE	1	Medium	High	"deltaC=12,4t (table V ""Replacement.. Diff) delta wood = 28t (table II)"
DF0063	ST014_GUSTAVSSON_PINGOUD_SATHRE_2006	Gustavsson, Pingoud, Sathreģ	2006	1	1	8	Housing	Residential/commercial buildings	Vikii house wood frame	concrete (natural gas case)	Residential construction	Finland	Finland	Not specified	0.68	0.68	0.68					tCO2e/tCO2e	TRUE	1	Medium	Medium	"deltaC=38,6t (table V ""Replacement.. Diff) delta wood = 113t (table II)"
DF0064	ST015_HAMMAR_2020	Hammar	2020	3	1	3	Energy	Bioenergy	Bioenergy	natural gas /electricity mix	Energy substitution	Not specified		Not specified	0.40	0.70	0.40					tCO2e/tCO2e	TRUE	1	Medium	Low	StoraEnso study by SLU, builds on SCA model.
DF0065	ST015_HAMMAR_2020	Hammar	2020	3	1	2	Paper/Fibre products	Packaging	Beverage carton	PET bottle	Packaging	Not specified		Not specified	0.30	0.30	0.30		1.00			tCO2e/tCO2e	TRUE	1	Medium	Low	StoraEnso study by SLU, builds on SCA model.
DF0066	ST015_HAMMAR_2020	Hammar	2020	3	1	2	Paper/Fibre products	Packaging	EcoFishBox TM	polystyrene packaging	Packaging	Not specified		Not specified	1.90	1.90	1.90		0.80			tCO2e/tCO2e	TRUE	1	Medium	Low	StoraEnso study by SLU, builds on SCA model.
DF0067	ST016_HURMEKOSKI_2020	Hurmekoski	2020	1	2	1	Solid wood products	Aggregate wood product mix	Solid wood products	Not specified	Mixed / aggregate use	Not specified		Not specified	1.10	1.10	1.10					tCO2e/tCO2e	TRUE	1	Medium	Low	
DF0068	ST016_HURMEKOSKI_2020	Hurmekoski	2020	1	2	1	Solid wood products	Furniture	Furniture	Not specified	Furniture	Not specified		Not specified	0.90	0.90	0.90					tCO2e/tCO2e	TRUE	1	Medium	Low	
DF0069	ST016_HURMEKOSKI_2020	Hurmekoski	2020	1	3	1	Solid wood products	Aggregate wood product mix	Solid wood weighted average incl fraction w no substitution	Not specified	Mixed / aggregate use	Not specified		Not specified	1.00	1.00	1.00					tCO2e/tCO2e	TRUE	1	Medium	Low	
DF0070	ST016_HURMEKOSKI_2020	Hurmekoski	2020	1	2	1	Solid wood products	Other	Plywood	Not specified	Other	Not specified		Not specified	1.10	1.10	1.10					tCO2e/tCO2e	TRUE	1	Medium	Low	
DF0071	ST016_HURMEKOSKI_2020	Hurmekoski	2020	1	2	2	Paper/Fibre products	Packaging	Container board/packaging	Not specified	Packaging	Not specified		Not specified	1.40	1.40	1.40					tCO2e/tCO2e	TRUE	1	Medium	Low	
DF0072	ST016_HURMEKOSKI_2020	Hurmekoski	2020	1	2	4	Textiles	Textiles	Viscose	Not specified	Textile substitution	Not specified		Not specified	4.02	4.00	4.02					tCO2e/tCO2e	TRUE	1	Medium	Low	Table 3, DF includes upstream wood production emissions
DF0073	ST016_HURMEKOSKI_2020	Hurmekoski	2020	1	2	3	Energy	Bioenergy	CHP energy	Not specified	Energy substitution	Not specified		Not specified	0.97	0.70	0.97					tCO2e/tCO2e	TRUE	1	Medium	Low	include value chain emissions for bioenergy, which need to deducted, and also the upstream emissions of fossil energy must be added.
DF0074	ST017_HURMEKOSKI_2021	Hurmekoski	2021	1	2	5	Roundwood	Roundwood	Roundwood based on systematic review	Not specified	Mixed / aggregate use	Not specified		Not specified	0.55	0.55	0.55					tCO2e/tCO2e	TRUE	1	Low	Low	Wide range of studies included, also inclusdes good characterizations/groupings of system boundaries. Difficult to decipher exactly how the 0,55 figure includes upstream emisisons though, so could be higher  with definition used here. Also difficult to see if all product categories consider end use for energy. CONCLUSION: This number can be used as a conservative number for all downstream uses of roundwood, including end use.
DF0075	ST018_JELSE_2009	Jelse	2009	2	1	2	Paper/Fibre products	Packaging	Tetra Brik	PET bottle	Packaging	Not specified		Not specified	2.60	2.60	2.60					tCO2e/tCO2e	TRUE	1	Medium	Low	Used in BillerudKorsnõs study 2020
DF0076	ST018_JELSE_2009	Jelse	2009	2	1	2	Paper/Fibre products	Packaging	Tetra Brik	HDPE bottle	Packaging	Not specified		Not specified	1.60	1.60	1.60					tCO2e/tCO2e	TRUE	1	Medium	Low	Used in BillerudKorsnõs study 2020
DF0077	ST019_JONSSON_2021	Jonsson	2021	1	2	1	Solid wood products	Other	Solid wood, long-lived	Not specified	Other	Not specified		Not specified	1.10	1.10	1.10					tCO2e/tCO2e	TRUE	1	Medium	Low	Useful sector study for EU -> CEPI work
DF0078	ST019_JONSSON_2021	Jonsson	2021	1	2	1	Solid wood products	Other	Solid wood, medium-lived	Not specified	Other	Not specified		Not specified	0.55	0.55	0.55					tCO2e/tCO2e	TRUE	1	Medium	Low	
DF0079	ST019_JONSSON_2021	Jonsson	2021	1	2	3	Energy	Bioenergy	Fuelwood/bioenergy	Not specified	Energy substitution	Not specified		Not specified	0.93	0.76	0.93					tCO2e/tCO2e	TRUE	1	Medium	Low	Table 6. Seems to include value chain emissions for bioenergy, which need to deducted, and also the upstream emissions of fossil energy must be added (in this case coal/gas)
DF0080	ST020_KNAUF_2015	Knauf	2015	1	3	1	Solid wood products	Aggregate wood product mix	Mix of soild wood products	Not specified	Mixed / aggregate use	Germany	Germany	Not specified	1.50	1.50	1.50					tCO2e/tCO2e	TRUE	1	Medium	Medium	Uses DFs from Taverna etal2 2007 and Sathre & Connor 2010
DF0081	ST020_KNAUF_2015	Knauf	2015	1	2	3	Energy	Bioenergy	Bioenergy	Not specified	Energy substitution	Germany	Germany	Not specified	0.94	0.67	0.94					tCO2e/tCO2e	TRUE	1	Medium	Medium	Based on R³ter. Includes value chain emissions and excludes upstream fossli fuel emissions
DF0082	ST021_KNIGHT_2005	Knight	2005	1	1	1	Solid wood products	Doors/windows	Reinforced wood dooor	steel door	Building components	USA	USA	Not specified	5.69	5.69	5.69					tCO2e/tCO2e	TRUE	1	Medium	Low	Calculated based on wood door weight 55lb and CO2 displaced 130 kg/door
DF0083	ST022_LCA_CONSULTING_STORA_ENSO_2018	LCA Consulting & Stora Enso	2018	2	1	2	Paper/Fibre products	Packaging	Ecofishbox paper 481 g	plastic	Packaging	Nordic	Finland/Sweden	Not specified	3.06	3.06	3.06					tCO2e/tCO2e	TRUE	1	Medium	High	Calculated by extracting figures from figures, 2,0 kgCO2e displaced
DF0084	ST022_LCA_CONSULTING_STORA_ENSO_2018	LCA Consulting & Stora Enso	2018	2	1	2	Paper/Fibre products	Packaging	Ecofishbox paper 1271 g	plastic	Packaging	Nordic	Finland/Sweden	Not specified	1.51	1.51	1.51					tCO2e/tCO2e	TRUE	1	Medium	High	Calculated by extracting figures from figures, 2,6 kgCO2e displaced
DF0085	ST023_LESKINEN_2018	Leskinen	2018	3	2	1	Solid wood products	Aggregate wood product mix	Unweighted (?) average for structural construction, assumption based on report that 0,4 is DF for end-use	Not specified	Mixed / aggregate use	Not specified		Not specified	0.90	0.90	0.90		1.30			tCO2e/tCO2e	TRUE	1	Medium	Low	Review of DF in 51 studies, found 433 individual DFs of which 79% related to the contruction sector
DF0086	ST023_LESKINEN_2018	Leskinen	2018	3	2	1	Solid wood products	Aggregate wood product mix	Unweighted (?) average for non-structural construction, assumption based on report that 0,4 is DF for end-use	Not specified	Mixed / aggregate use	Not specified		Not specified	1.20	1.20	1.20		1.60			tCO2e/tCO2e	TRUE	1	Medium	Low	
DF0087	ST023_LESKINEN_2018	Leskinen	2018	3	2	4	Textiles	Textiles	Assumption based on report that 0,4 is DF for end-use	Not specified	Textile substitution	Not specified		Not specified	2.40	2.80	2.40	0.40				tCO2e/tCO2e	TRUE	1	Medium	Low	Table 1
DF0088	ST024_MARKWARDT_2017	Markwardt	2017	2	1	2	Paper/Fibre products	Packaging	Tetra recart	Glass jar/Germany	Packaging	Germany	Germany	Not specified	6.50	6.50	6.50					tCO2e/tCO2e	TRUE	1	Medium	Medium	Used in BillerudKorsnõs study 2020, end-use DF was added in BK study
DF0089	ST024_MARKWARDT_2017	Markwardt	2017	2	1	2	Paper/Fibre products	Packaging	Tetra recart	Steel can/Germany	Packaging	Germany	Germany	Not specified	6.40	6.40	6.40					tCO2e/tCO2e	TRUE	1	Medium	Medium	Used in BillerudKorsnõs study 2020, end-use DF was added in BK study
DF0090	ST024_MARKWARDT_2017	Markwardt	2017	2	1	2	Paper/Fibre products	Packaging	Tetra recart	Glass jar/Italy	Packaging	Italy	Italy	Not specified	7.00	7.00	7.00					tCO2e/tCO2e	TRUE	1	Medium	Low	Used in BillerudKorsnõs study 2020, end-use DF was added in BK study
DF0091	ST024_MARKWARDT_2017	Markwardt	2017	2	1	2	Paper/Fibre products	Packaging	Tetra recart	Steel can /Italy	Packaging	Italy	Italy	Not specified	6.80	6.80	6.80					tCO2e/tCO2e	TRUE	1	Medium	Low	Used in BillerudKorsnõs study 2020, end-use DF was added in BK study
DF0092	ST025_RUTER_2016	R³ter	2016	v	1	1	Solid wood products	Other	Core & shell construction	Not specified	Other	Europe	EU	Not specified	1.73	1.73	1.73	1.22				tCO2e/tCO2e	TRUE	1	Medium	Medium	Table 2.4 calculated from kgCO2e/kgHWP
DF0093	ST025_RUTER_2016	R³ter	2016	3	1	1	Solid wood products	Cladding/siding	Claddings	Not specified	Building envelope	Europe	EU	Not specified	0.99	0.99	0.99	0.47				tCO2e/tCO2e	TRUE	1	Medium	Medium	Table 2.4 calculated from kgCO2e/kgHWP
DF0094	ST025_RUTER_2016	R³ter	2016	3	1	1	Solid wood products	Other	Laminates	Not specified	Other	Europe	EU	Not specified	1.67	1.67	1.67	1.30				tCO2e/tCO2e	TRUE	1	Medium	Medium	Table 2.4 calculated from kgCO2e/kgHWP
DF0095	ST025_RUTER_2016	R³ter	2016	3	1	1	Solid wood products	Pallets	Pallets	Not specified	Packaging/logistics	Europe	EU	Not specified	0.48	0.48	0.48	0.94				tCO2e/tCO2e	TRUE	1	Medium	Medium	Table 2.4 calculated from kgCO2e/kgHWP
DF0096	ST025_RUTER_2016	R³ter	2016	3	1	1	Solid wood products	Furniture	Office furniture	Not specified	Furniture	Europe	EU	Not specified	0.80	0.80	0.80	0.72				tCO2e/tCO2e	TRUE	1	Medium	Medium	Table 2.4 calculated from kgCO2e/kgHWP
DF0097	ST025_RUTER_2016	R³ter	2016	3	1	2	Paper/Fibre products	Biochemicals	Polyol	Not specified	Chemical/material substitution	Europe	EU	Not specified	0.84	0.84	0.84	1.36				tCO2e/tCO2e	TRUE	1	Medium	Medium	Table 2.4 calculated from kgCO2e/kgHWP
DF0098	ST025_RUTER_2016	R³ter	2016	3	1	4	Textiles	Textiles	Textile	Not specified	Textile substitution	Europe	EU	Not specified	4.96	4.96	4.96	0.38				tCO2e/tCO2e	TRUE	1	Medium	Medium	Table 2.4 calculated from kgCO2e/kgHWP
DF0099	ST025_RUTER_2016	R³ter	2016	3	1	3	Energy	Bioenergy	Average wood chips/pellets	Not specified	Energy substitution	Europe	EU	Not specified	0.74	0.74	0.74					tCO2e/tCO2e	TRUE	1	Medium	Medium	Calculated from average 80 gCO2/MJ displacement, 16.92 MJ/kg wood
DF0100	ST026_SALAZAR_2009	Salazar	2009	1	1	8	Housing	Residential/commercial buildings	Wooden house	"""typical"""	Residential construction	Canada	Canada	Not specified	0.77	0.77	0.77	1.14				tCO2e/tCO2e	TRUE	1	Medium	Low	Calculated based on Table 4. delta fossils / delta wood (including service life)
DF0101	ST026_SALAZAR_2009	Salazar	2009	3	2	8	Housing	Residential/commercial buildings	Hostel building	Not specified	Residential construction	Not specified		Not specified	1.00	1.00	1.00					tCO2e/tCO2e	TRUE	1	Medium	Low	From Buchanan & Levine 1999
DF0102	ST026_SALAZAR_2009	Salazar	2009	3	2	8	Housing	Residential/commercial buildings	Office building	Not specified	Commercial/industrial construction	Not specified		Not specified	1.20	1.20	1.20					tCO2e/tCO2e	TRUE	1	Medium	Low	From Buchanan & Levine 1999
DF0103	ST026_SALAZAR_2009	Salazar	2009	3	2	8	Housing	Residential/commercial buildings	Industrial building	Not specified	Commercial/industrial construction	Not specified		Not specified	1.60	1.60	1.60					tCO2e/tCO2e	TRUE	1	Medium	Low	From Buchanan & Levine 1999
DF0104	ST026_SALAZAR_2009	Salazar	2009	3	2	8	Housing	Residential/commercial buildings	Single family house	Not specified	Residential construction	Not specified		Not specified	3.57	3.57	3.57					tCO2e/tCO2e	TRUE	1	Medium	Low	From Buchanan & Levine 1999 (very wide range around this mean)
DF0105	ST026_SALAZAR_2009	Salazar	2009	3	2	8	Housing	Residential/commercial buildings	Apartment building	Not specified	Residential construction	Not specified		Not specified	1.50	1.50	1.50	1.10	2.60			tCO2e/tCO2e	TRUE	1	Medium	Low	From Gistavsson & Sathre 2006
DF0106	ST026_SALAZAR_2009	Salazar	2009	3	2	8	Housing	Residential/commercial buildings	6-storey building: Timber	steel	Construction	Not specified		Not specified	1.10	1.10	1.10					tCO2e/tCO2e	TRUE	1	Medium	Low	From John et al. 2009 (includes some losses from methane in end-use landfill)
DF0107	ST026_SALAZAR_2009	Salazar	2009	3	2	8	Housing	Residential/commercial buildings	6-storey building: Timber	concrete	Construction	Not specified		Not specified	1.00	1.00	1.00					tCO2e/tCO2e	TRUE	1	Medium	Low	From John et al. 2009 (includes some losses from methane in end-use landfill)
DF0108	ST026_SALAZAR_2009	Salazar	2009	3	2	8	Housing	Residential/commercial buildings	6-storey building: Max wood	steel	Construction	Not specified		Not specified	1.40	1.40	1.40					tCO2e/tCO2e	TRUE	1	Medium	Low	From John et al. 2009 (includes some losses from methane in end-use landfill)
DF0109	ST026_SALAZAR_2009	Salazar	2009	3	2	8	Housing	Residential/commercial buildings	6-storey building: Max wood	concrete	Construction	Not specified		Not specified	1.30	1.30	1.30					tCO2e/tCO2e	TRUE	1	Medium	Low	From John et al. 2009 (includes some losses from methane in end-use landfill)
DF0110	ST026_SALAZAR_2009	Salazar	2009	3	2	1	Solid wood products	Flooring	Solid wood flooring	Not specified	Flooring	Not specified		Not specified	0.40	0.40	0.40					tCO2e/tCO2e	TRUE	1	Medium	Low	From J÷nsson eta al 1997
DF0111	ST026_SALAZAR_2009	Salazar	2009	3	2	1	Solid wood products	Doors/windows	Wood door	Steel door	Building components	Not specified		Not specified	3.00	3.00	3.00					tCO2e/tCO2e	TRUE	1	Medium	Low	From Knight et al 2005
DF0112	ST026_SALAZAR_2009	Salazar	2009	3	2	1	Solid wood products	Aggregate wood product mix	Mixed wood products	Not specified	Mixed / aggregate use	Not specified		Not specified	2.20	2.20	2.20					tCO2e/tCO2e	TRUE	1	Medium	Low	From Koch 1992
DF0113	ST026_SALAZAR_2009	Salazar	2009	3	2	1	Solid wood products	Infrastructure	Roundwood utility pole	Not specified	Infrastructure	Not specified		Not specified	2.50	2.50	2.50					tCO2e/tCO2e	TRUE	1	Medium	Low	From K³nniger & Richter 1995
DF0114	ST026_SALAZAR_2009	Salazar	2009	3	2	1	Solid wood products	Infrastructure	Glulam utility pole	Not specified	Infrastructure	Not specified		Not specified	2.00	2.00	2.00					tCO2e/tCO2e	TRUE	1	Medium	Low	From K³nniger & Richter 1995
DF0115	ST026_SALAZAR_2009	Salazar	2009	3	2	10	Infrastructure	Transmission line	400V transmission line	Not specified	Infrastructure	Not specified		Not specified	2.70	2.70	2.70					tCO2e/tCO2e	TRUE	1	Medium	Low	From K³nniger & Richter 1995
DF0116	ST026_SALAZAR_2009	Salazar	2009	3	2	10	Infrastructure	Transmission line	20kV transmission line	Not specified	Infrastructure	Not specified		Not specified	3.40	3.40	3.40					tCO2e/tCO2e	TRUE	1	Medium	Low	From K³nniger & Richter 1995
DF0117	ST026_SALAZAR_2009	Salazar	2009	3	2	8	Housing	Residential/commercial buildings	Single family house Wood	concrete	Residential construction	USA	Atlanta	Not specified	2.80	2.80	2.80					tCO2e/tCO2e	TRUE	1	Medium	Low	From Lippke et al 2004
DF0118	ST026_SALAZAR_2009	Salazar	2009	3	2	8	Housing	Residential/commercial buildings	Single family house Wood	steel	Residential construction	USA	Minneapolis	Not specified	0.40	0.40	0.40					tCO2e/tCO2e	TRUE	1	Medium	Low	From Lippke et al 2004
DF0119	ST026_SALAZAR_2009	Salazar	2009	3	2	1	Solid wood products	Flooring	Flooring wood	alternatives	Flooring	Not specified		Not specified	1.70	1.70	1.70					tCO2e/tCO2e	TRUE	1	Medium	Low	From Petersen & Solberg 2004, number from Table 3
DF0120	ST026_SALAZAR_2009	Salazar	2009	3	2	1	Solid wood products	Doors/windows	Window frames	Not specified	Building components	Not specified		Not specified	5.00	5.00	5.00					tCO2e/tCO2e	TRUE	1	Medium	Low	From Salazar & Sowlati 2008
DF0121	ST026_SALAZAR_2009	Salazar	2009	3	2	8	Housing	Residential/commercial buildings	Single family house	Not specified	Residential construction	Not specified		Not specified	2.30	2.30	2.30					tCO2e/tCO2e	TRUE	1	Medium	Low	From Scharai-Rad & Welling 2002
DF0122	ST026_SALAZAR_2009	Salazar	2009	3	2	8	Housing	Residential/commercial buildings	3-storey building	Not specified	Construction	Not specified		Not specified	1.50	1.50	1.50					tCO2e/tCO2e	TRUE	1	Medium	Low	From Scharai-Rad & Welling 2002
DF0123	ST026_SALAZAR_2009	Salazar	2009	3	2	8	Housing	Residential/commercial buildings	Warehouse	Not specified	Commercial/industrial construction	Not specified		Not specified	1.00	1.00	1.00					tCO2e/tCO2e	TRUE	1	Medium	Low	From Scharai-Rad & Welling 2002
DF0124	ST026_SALAZAR_2009	Salazar	2009	3	2	1	Solid wood products	Doors/windows	Window frames	Not specified	Building components	Not specified		Not specified	3.20	3.20	3.20					tCO2e/tCO2e	TRUE	1	Medium	Low	From Scharai-Rad & Welling 2002
DF0125	ST026_SALAZAR_2009	Salazar	2009	3	2	1	Solid wood products	Infrastructure	Utility poles wood	steel	Infrastructure	Not specified		Not specified	1.60	1.60	1.60					tCO2e/tCO2e	TRUE	1	Medium	Low	From Sedjo 2002
DF0126	ST026_SALAZAR_2009	Salazar	2009	3	2	8	Housing	Residential/commercial buildings	Single family house Wood	concrete	Residential construction	USA	Atlanta	Not specified	2.50	2.50	2.50					tCO2e/tCO2e	TRUE	1	Medium	Low	From Upton et al 2006, numbers from Table 3
DF0127	ST026_SALAZAR_2009	Salazar	2009	3	2	8	Housing	Residential/commercial buildings	Single family house Wood	steel	Residential construction	USA	Minneapolis	Not specified	1.20	1.20	1.20					tCO2e/tCO2e	TRUE	1	Medium	Low	From Upton et al 2006, numbers from Table 3
DF0128	ST026_SALAZAR_2009	Salazar	2009	3	2	8	Housing	Residential/commercial buildings	Literature survey	Not specified	Construction	Not specified		Not specified	2.00	2.00	2.00					tCO2e/tCO2e	TRUE	1	Medium	Low	From Valsta 2007
DF0129	ST026_SALAZAR_2009	Salazar	2009	3	2	8	Housing	Residential/commercial buildings	Swiss construction sector	Not specified	Construction	Switzerland	Switzerland	Not specified	1.10	1.10	1.10					tCO2e/tCO2e	TRUE	1	Medium	Low	From Werner et al 2005, value from Table 3
DF0130	ST027_SCHMIDT_2004	Schmidt	2004	2	1	2	Paper/Fibre products	Insulation	Paper wool	Stone wool insulation	Insulation	Not specified		Not specified	1.23	1.23	1.23					tCO2e/tCO2e	TRUE	1	Medium	Low	Calculated per functional unit (pape rpart 1 table 1) and CO2e savings (paper part 2, table 2)
DF0131	ST027_SCHMIDT_2004	Schmidt	2004	2	1	2	Paper/Fibre products	Insulation	Paper wool	Flax insulation	Insulation	Not specified		Not specified	2.01	2.01	2.01					tCO2e/tCO2e	TRUE	1	Medium	Low	Calculated per functional unit (pape rpart 1 table 1) and CO2e savings (paper part 2, table 2)
DF0132	ST027_SCHMIDT_2004	Schmidt	2004	1	1	3	Energy	Bioenergy	Bioenergy in countrywide sector analysis	Not specified	Energy substitution	Canada	Canada	Not specified	0.74		0.74				0.47	tCO2e/tCO2e	TRUE	1	Medium	Low	Includes wood value chain emissions
DF0133	ST027_SCHMIDT_2004	Schmidt	2004	1	1	3	Energy	Bioenergy	Bioenergy in efficient value chains	Not specified	Energy substitution	Canada	Canada	Not specified	1.16		1.16				0.89	tCO2e/tCO2e	TRUE	1	Medium	Low	Includes wood value chain emissions
DF0134	ST027_SCHMIDT_2004	Schmidt	2004	1	1	3	Energy	Bioenergy	Bioenergy	fossils	Energy substitution	Finland	Finland	Not specified	0.97		0.97				0.80	tCO2e/tCO2e	TRUE	1	Medium	Medium	Includes wood value chain emissions
DF0135	ST028_STURGES_2020	Sturges	2020	2	1	2	Paper/Fibre products	Packaging	Xpression mailer unbleached	PE mailer virgin	Packaging	Not specified		Not specified	0.60	0.60	0.60					tCO2e/tCO2e	TRUE	1	Medium	Low	Used in BillerudKorsnõs study 2020
DF0136	ST028_STURGES_2020	Sturges	2020	3	1	3	Energy	Bioenergy	Bioenergy general	Not specified	Energy substitution	Switzerland	Switzerland	Not specified	0.92		0.92				0.65	tCO2e/tCO2e	TRUE	1	Low	Low	Includes wood value chain emissions, converted from 0,6 tCO2e/m3 wood(page 36), , BUT unclear if it relates to roundwood m3 or actually used m3.
DF0137	ST029_QUANTIS_2019	Quantis	2019	2	1	2	Paper/Fibre products	Packaging	Containers fruit+vegetables, paper	plastic	Packaging	USA	USA	Not specified	0.68	0.68	0.68					tCO2e/tCO2e	TRUE	1	Medium	Low	
DF0138	ST030_FEFCO_2022	FEFCO	2022	2	1	2	Paper/Fibre products	Packaging	parer	plastic containers	Packaging	Not specified		Not specified	0.12	0.12	0.12					tCO2e/tCO2e	TRUE	1	Medium	Low	Relatively low DF first use as plastic version is reused 20+ times
DF0139	ST031_CHATZOPOULOU_2023	Chatzopoulou	2023	2	1	2	Paper/Fibre products	Packaging	EcoFlowerBox paper	plastic	Packaging	Not specified		Not specified	1.61	1.61	1.61					tCO2e/tCO2e	TRUE	1	Medium	Low	
DF0140	ST032_GAIA_2018	Gaia	2018	2	1	2	Paper/Fibre products	Packaging	3 l wine box	glass bottles	Packaging	Not specified		Not specified	7.36	7.36	7.36					tCO2e/tCO2e	TRUE	1	Medium	Low	Study initiated by Swedish Systembolaget, other examples available in report
DF0141	ST032_GAIA_2018	Gaia	2018	2	1	2	Paper/Fibre products	Packaging	Wine, paper container	PET	Packaging	Not specified		Not specified	3.56	3.56	3.56					tCO2e/tCO2e	TRUE	1	Medium	Low	Study initiated by Swedish Systembolaget, other examples available in report
DF0142	ST032_GAIA_2018	Gaia	2018	2	1	2	Paper/Fibre products	Packaging	Wine, paper container	glass bottle	Packaging	Not specified		Not specified	11.83	11.83	11.83					tCO2e/tCO2e	TRUE	1	Medium	Low	Study initiated by Swedish Systembolaget, other examples available in report
